{
  "price_scale": 0.7977304526748971,
  "price_exp": 1.1268647119341564,
  "reward_scale": 1.1239773353231977,
  "reward_exp": 1.122912037037037,
  "softcap_start": 0.6789197530864197,
  "softcap_strength": 0.4964399005486968,
  "offline_rate": 1.2,
  "offline_cap_hours": 2,
  "prestige_enabled": true,
  "prestige_unlock_hours": 22,
  "prestige_gain_scale": 0.34283809161394546
}