{
  "price_scale": 1.4213425925925927,
  "price_exp": 1.170346364883402,
  "reward_scale": 2,
  "reward_exp": 1.1362366898148148,
  "softcap_start": 0.7555379801097393,
  "softcap_strength": 0.3972364922815691,
  "offline_rate": 1.011792695473251,
  "offline_cap_hours": 11,
  "prestige_enabled": true,
  "prestige_unlock_hours": 22,
  "prestige_gain_scale": 0.6405405521262003
}