{
  "price_scale": 1.5,
  "price_exp": 1.0374188898688308,
  "reward_scale": 2,
  "reward_exp": 1.4312693807228436,
  "softcap_start": 0.7047183891296525,
  "softcap_strength": 0.4425805041152263,
  "offline_rate": 1.053974282807497,
  "offline_cap_hours": 11,
  "prestige_enabled": true,
  "prestige_unlock_hours": 22,
  "prestige_gain_scale": 0.6426666261553127
}