{
  "baseline": {
    "params": {
      "price_scale": 0.6593588610908684,
      "price_exp": 1.0579569529507844,
      "reward_scale": 2,
      "reward_exp": 1.5,
      "softcap_start": 0.8014391718106996,
      "softcap_strength": 0.23622012602880657,
      "offline_rate": 0.5704501028806584,
      "offline_cap_hours": 14,
      "prestige_enabled": true,
      "prestige_unlock_hours": 22,
      "prestige_gain_scale": 0.2990411951303156
    },
    "score": {
      "accepted": true,
      "constraint_failed": null,
      "fail_rate": 0,
      "V_total": 0.8421631880027238,
      "components": {
        "growth_momentum": 0.8929695909760286,
        "return_quality": 1,
        "upgrade_satisfaction": 1,
        "progress_clarity": 0.9025093126072619,
        "stability_score": 0.012083832859792804
      },
      "bottleneck": {
        "longest_stall_median_seconds": 1060
      }
    }
  },
  "top1": {
    "params": {
      "price_scale": 0.6593588610908684,
      "price_exp": 1.0579569529507844,
      "reward_scale": 2,
      "reward_exp": 1.5,
      "softcap_start": 0.8014391718106996,
      "softcap_strength": 0.23622012602880657,
      "offline_rate": 0.5704501028806584,
      "offline_cap_hours": 14,
      "prestige_enabled": true,
      "prestige_unlock_hours": 22,
      "prestige_gain_scale": 0.2990411951303156
    },
    "score": {
      "accepted": true,
      "constraint_failed": null,
      "fail_rate": 0,
      "V_total": 0.8422308667543653,
      "components": {
        "growth_momentum": 0.8929695909760286,
        "return_quality": 1,
        "upgrade_satisfaction": 1,
        "progress_clarity": 0.9030136669287333,
        "stability_score": 0.012270078044868533
      },
      "bottleneck": {
        "longest_stall_median_seconds": 1070
      }
    }
  },
  "topk": [
    {
      "params": {
        "price_scale": 0.6593588610908684,
        "price_exp": 1.0579569529507844,
        "reward_scale": 2,
        "reward_exp": 1.5,
        "softcap_start": 0.8014391718106996,
        "softcap_strength": 0.23622012602880657,
        "offline_rate": 0.5704501028806584,
        "offline_cap_hours": 14,
        "prestige_enabled": true,
        "prestige_unlock_hours": 22,
        "prestige_gain_scale": 0.2990411951303156
      },
      "score": {
        "accepted": true,
        "constraint_failed": null,
        "fail_rate": 0,
        "V_total": 0.8422308667543653,
        "components": {
          "growth_momentum": 0.8929695909760286,
          "return_quality": 1,
          "upgrade_satisfaction": 1,
          "progress_clarity": 0.9030136669287333,
          "stability_score": 0.012270078044868533
        },
        "bottleneck": {
          "longest_stall_median_seconds": 1070
        }
      }
    },
    {
      "params": {
        "price_scale": 0.5097169939488697,
        "price_exp": 1.1022650930390345,
        "reward_scale": 2,
        "reward_exp": 1.5,
        "softcap_start": 0.8597986111111111,
        "softcap_strength": 0.23622012602880657,
        "offline_rate": 0.5704501028806584,
        "offline_cap_hours": 15,
        "prestige_enabled": true,
        "prestige_unlock_hours": 22,
        "prestige_gain_scale": 0.2990411951303156
      },
      "score": {
        "accepted": true,
        "constraint_failed": null,
        "fail_rate": 0,
        "V_total": 0.8422308667543653,
        "components": {
          "growth_momentum": 0.8929695909760286,
          "return_quality": 1,
          "upgrade_satisfaction": 1,
          "progress_clarity": 0.9030136669287333,
          "stability_score": 0.012270078044868533
        },
        "bottleneck": {
          "longest_stall_median_seconds": 1070
        }
      }
    },
    {
      "params": {
        "price_scale": 0.6593588610908684,
        "price_exp": 1.0579569529507844,
        "reward_scale": 2,
        "reward_exp": 1.5,
        "softcap_start": 0.8014391718106996,
        "softcap_strength": 0.23622012602880657,
        "offline_rate": 0.5665264917695473,
        "offline_cap_hours": 12,
        "prestige_enabled": true,
        "prestige_unlock_hours": 22,
        "prestige_gain_scale": 0.2990411951303156
      },
      "score": {
        "accepted": true,
        "constraint_failed": null,
        "fail_rate": 0,
        "V_total": 0.8422308667543653,
        "components": {
          "growth_momentum": 0.8929695909760286,
          "return_quality": 1,
          "upgrade_satisfaction": 1,
          "progress_clarity": 0.9030136669287333,
          "stability_score": 0.012270078044868533
        },
        "bottleneck": {
          "longest_stall_median_seconds": 1070
        }
      }
    },
    {
      "params": {
        "price_scale": 0.6593588610908684,
        "price_exp": 1.0579569529507844,
        "reward_scale": 2,
        "reward_exp": 1.5,
        "softcap_start": 0.8014391718106996,
        "softcap_strength": 0.23622012602880657,
        "offline_rate": 0.7054989711934156,
        "offline_cap_hours": 15,
        "prestige_enabled": true,
        "prestige_unlock_hours": 22,
        "prestige_gain_scale": 0.2990411951303156
      },
      "score": {
        "accepted": true,
        "constraint_failed": null,
        "fail_rate": 0,
        "V_total": 0.8422308667543653,
        "components": {
          "growth_momentum": 0.8929695909760286,
          "return_quality": 1,
          "upgrade_satisfaction": 1,
          "progress_clarity": 0.9030136669287333,
          "stability_score": 0.012270078044868533
        },
        "bottleneck": {
          "longest_stall_median_seconds": 1070
        }
      }
    },
    {
      "params": {
        "price_scale": 0.4740944883943978,
        "price_exp": 1.1022650930390345,
        "reward_scale": 2,
        "reward_exp": 1.5,
        "softcap_start": 0.8597986111111111,
        "softcap_strength": 0.23622012602880657,
        "offline_rate": 0.5704501028806584,
        "offline_cap_hours": 15,
        "prestige_enabled": true,
        "prestige_unlock_hours": 22,
        "prestige_gain_scale": 0.2990411951303156
      },
      "score": {
        "accepted": true,
        "constraint_failed": null,
        "fail_rate": 0,
        "V_total": 0.8422308667543653,
        "components": {
          "growth_momentum": 0.8929695909760286,
          "return_quality": 1,
          "upgrade_satisfaction": 1,
          "progress_clarity": 0.9030136669287333,
          "stability_score": 0.012270078044868533
        },
        "bottleneck": {
          "longest_stall_median_seconds": 1070
        }
      }
    }
  ],
  "metadata": {
    "runs_per_eval": 2000,
    "generations": 15,
    "population": 40,
    "timestamp": "2026-02-28T06:52:42.705Z"
  },
  "metrics": {
    "risk_adjusted_return_180": 0.8422308667543653,
    "cagr_180": 0.8929695909760286,
    "max_drawdown_180": 0.2975459843910263,
    "active_system_count": 10,
    "market_stability_score": 0.012270078044868533,
    "bankruptcy_flag": false,
    "blowup_rate": 0,
    "fail_rate": 0
  }
}