{
  "baseline": {
    "params": {
      "price_scale": 0.7977304526748971,
      "price_exp": 1.1268647119341564,
      "reward_scale": 1.1239773353231977,
      "reward_exp": 1.122912037037037,
      "softcap_start": 0.6789197530864197,
      "softcap_strength": 0.4964399005486968,
      "offline_rate": 1.2,
      "offline_cap_hours": 2,
      "prestige_enabled": true,
      "prestige_unlock_hours": 22,
      "prestige_gain_scale": 0.34283809161394546
    },
    "score": {
      "accepted": true,
      "constraint_failed": null,
      "fail_rate": 0,
      "V_total": 0.5305108133279781,
      "components": {
        "growth_momentum": 0,
        "return_quality": 1,
        "upgrade_satisfaction": 1,
        "progress_clarity": 0.9012368248652343,
        "stability_score": 0.01213882133862463
      },
      "bottleneck": {
        "longest_stall_median_seconds": 1065
      }
    }
  },
  "top1": {
    "params": {
      "price_scale": 0.7977304526748971,
      "price_exp": 1.1268647119341564,
      "reward_scale": 1.1239773353231977,
      "reward_exp": 1.122912037037037,
      "softcap_start": 0.6789197530864197,
      "softcap_strength": 0.4964399005486968,
      "offline_rate": 1.2,
      "offline_cap_hours": 2,
      "prestige_enabled": true,
      "prestige_unlock_hours": 22,
      "prestige_gain_scale": 0.34283809161394546
    },
    "score": {
      "accepted": true,
      "constraint_failed": null,
      "fail_rate": 0,
      "V_total": 0.5305692773550335,
      "components": {
        "growth_momentum": 0,
        "return_quality": 1,
        "upgrade_satisfaction": 1,
        "progress_clarity": 0.9016508200783767,
        "stability_score": 0.01232139783012859
      },
      "bottleneck": {
        "longest_stall_median_seconds": 1075
      }
    }
  },
  "topk": [
    {
      "params": {
        "price_scale": 0.7977304526748971,
        "price_exp": 1.1268647119341564,
        "reward_scale": 1.1239773353231977,
        "reward_exp": 1.122912037037037,
        "softcap_start": 0.6789197530864197,
        "softcap_strength": 0.4964399005486968,
        "offline_rate": 1.2,
        "offline_cap_hours": 2,
        "prestige_enabled": true,
        "prestige_unlock_hours": 22,
        "prestige_gain_scale": 0.34283809161394546
      },
      "score": {
        "accepted": true,
        "constraint_failed": null,
        "fail_rate": 0,
        "V_total": 0.5305692773550335,
        "components": {
          "growth_momentum": 0,
          "return_quality": 1,
          "upgrade_satisfaction": 1,
          "progress_clarity": 0.9016508200783767,
          "stability_score": 0.01232139783012859
        },
        "bottleneck": {
          "longest_stall_median_seconds": 1075
        }
      }
    },
    {
      "params": {
        "price_scale": 0.8106432613168724,
        "price_exp": 1.1268647119341564,
        "reward_scale": 1.1428766050355517,
        "reward_exp": 1.087997633744856,
        "softcap_start": 0.7031043227545665,
        "softcap_strength": 0.4964399005486968,
        "offline_rate": 1.2,
        "offline_cap_hours": 2,
        "prestige_enabled": true,
        "prestige_unlock_hours": 22,
        "prestige_gain_scale": 0.34283809161394546
      },
      "score": {
        "accepted": true,
        "constraint_failed": null,
        "fail_rate": 0,
        "V_total": 0.5305680947454278,
        "components": {
          "growth_momentum": 0,
          "return_quality": 1,
          "upgrade_satisfaction": 1,
          "progress_clarity": 0.901638915316472,
          "stability_score": 0.012321235147076311
        },
        "bottleneck": {
          "longest_stall_median_seconds": 1075
        }
      }
    },
    {
      "params": {
        "price_scale": 0.7971064779472741,
        "price_exp": 1.1435036008230453,
        "reward_scale": 1.188169453466164,
        "reward_exp": 1.0432180298353908,
        "softcap_start": 0.7389128253521439,
        "softcap_strength": 0.4964399005486968,
        "offline_rate": 1.0916313961087571,
        "offline_cap_hours": 2,
        "prestige_enabled": true,
        "prestige_unlock_hours": 22,
        "prestige_gain_scale": 0.34283809161394546
      },
      "score": {
        "accepted": true,
        "constraint_failed": null,
        "fail_rate": 0,
        "V_total": 0.5305667860027299,
        "components": {
          "growth_momentum": 0,
          "return_quality": 1,
          "upgrade_satisfaction": 1,
          "progress_clarity": 0.901625740833418,
          "stability_score": 0.012321055112806612
        },
        "bottleneck": {
          "longest_stall_median_seconds": 1075
        }
      }
    },
    {
      "params": {
        "price_scale": 0.8106432613168724,
        "price_exp": 1.1268647119341564,
        "reward_scale": 1.1428766050355517,
        "reward_exp": 1.087997633744856,
        "softcap_start": 0.7031043227545665,
        "softcap_strength": 0.4964399005486968,
        "offline_rate": 1.0916313961087571,
        "offline_cap_hours": 2,
        "prestige_enabled": true,
        "prestige_unlock_hours": 22,
        "prestige_gain_scale": 0.34283809161394546
      },
      "score": {
        "accepted": true,
        "constraint_failed": null,
        "fail_rate": 0,
        "V_total": 0.5305666756139007,
        "components": {
          "growth_momentum": 0,
          "return_quality": 1,
          "upgrade_satisfaction": 1,
          "progress_clarity": 0.9016246296021863,
          "stability_score": 0.012321039927413574
        },
        "bottleneck": {
          "longest_stall_median_seconds": 1075
        }
      }
    },
    {
      "params": {
        "price_scale": 0.8106432613168724,
        "price_exp": 1.1268647119341564,
        "reward_scale": 1.1428766050355517,
        "reward_exp": 1.087997633744856,
        "softcap_start": 0.7031043227545665,
        "softcap_strength": 0.4964399005486968,
        "offline_rate": 1.0881001461087572,
        "offline_cap_hours": 2,
        "prestige_enabled": true,
        "prestige_unlock_hours": 22,
        "prestige_gain_scale": 0.34283809161394546
      },
      "score": {
        "accepted": true,
        "constraint_failed": null,
        "fail_rate": 0,
        "V_total": 0.5305666756139007,
        "components": {
          "growth_momentum": 0,
          "return_quality": 1,
          "upgrade_satisfaction": 1,
          "progress_clarity": 0.9016246296021863,
          "stability_score": 0.012321039927413574
        },
        "bottleneck": {
          "longest_stall_median_seconds": 1075
        }
      }
    }
  ],
  "metadata": {
    "runs_per_eval": 2000,
    "generations": 15,
    "population": 40,
    "timestamp": "2026-02-28T05:33:29.433Z"
  },
  "metrics": {
    "risk_adjusted_return_180": 0.5305692773550335,
    "cagr_180": 0,
    "max_drawdown_180": 0.29753572043397425,
    "active_system_count": 10,
    "market_stability_score": 0.01232139783012859,
    "bankruptcy_flag": false,
    "blowup_rate": 0,
    "fail_rate": 0
  }
}